{
    "c_v": 0.5636527207907466,
    "u_mass": -1.9074749473409696,
    "c_uci": -0.9863742897180013,
    "c_npmi": 0.049418089586935915,
    "c_w2v": 0.6823185086250305
}