{
    "c_v": 0.43908018125277165,
    "u_mass": -1.5880342664254556,
    "c_uci": -0.7236473971560676,
    "c_npmi": 0.011932256002458315,
    "c_w2v": 0.5820131897926331
}