{
    "c_v": 0.46792092553162534,
    "u_mass": -10.540254422246292,
    "c_uci": -11.408181114604464,
    "c_npmi": -0.389791661499657,
    "c_w2v": 0.7258339524269104
}